,Sample,Group,Outcome,ProtectionBALorSwab,Week 10 Neutralization Group,ADCP phagoscore,ADCD score, ADNP phagoscore average, NK-CD107a+%, NK-IFNg+%,NK-MIP1b+%,Spike WT Erica ADNP,Spike D614G Erica ADNP,Spike N501Y Erica ADNP,Spike E484K Erica ADNP,IgG1 Spike COV-2,IgG1 Ebola GP,IgG1 S1 CoV-2,IgG1 N CoV-2,IgG1 Flu Mix,IgG1 D614G Spike Erica Hexapro,IgG1 S1 OC43,IgG1 WT Spike Erica Hexap,IgG1 O'nyong'yong,IgG1 K417N Spike Erica Hexap,IgG1 WT RBD,IgG1 E484K RBD Florian,IgG1 B.1.1.7 RBD Florian,IgG1 Empty,IgG1 N501Y d69-70 Spike Erica Hexap,IgG1 B.1.351 RBD Florian,IgG1 S2 CoV-2,IgG1 NTD CoV-2,IgG1 S1 HKU,IgG1 E484K Spike Erica Hexap,IgG2 Spike COV-2,IgG2 Ebola GP,IgG2 S1 CoV-2,IgG2 N CoV-2,IgG2 Flu Mix,IgG2 D614G Spike Erica Hexapro,IgG2 S1 OC43,IgG2 WT Spike Erica Hexap,IgG2 O'nyong'yong,IgG2 K417N Spike Erica Hexap,IgG2 WT RBD,IgG2 E484K RBD Florian,IgG2 B.1.1.7 RBD Florian,IgG2 Empty,IgG2 N501Y d69-70 Spike Erica Hexap,IgG2 B.1.351 RBD Florian,IgG2 S2 CoV-2,IgG2 NTD CoV-2,IgG2 S1 HKU,IgG2 E484K Spike Erica Hexap,IgG3 Spike COV-2,IgG3 Ebola GP,IgG3 S1 CoV-2,IgG3 N CoV-2,IgG3 Flu Mix,IgG3 D614G Spike Erica Hexapro,IgG3 S1 OC43,IgG3 WT Spike Erica Hexap,IgG3 O'nyong'yong,IgG3 K417N Spike Erica Hexap,IgG3 WT RBD,IgG3 E484K RBD Florian,IgG3 B.1.1.7 RBD Florian,IgG3 Empty,IgG3 N501Y d69-70 Spike Erica Hexap,IgG3 B.1.351 RBD Florian,IgG3 S2 CoV-2,IgG3 NTD CoV-2,IgG3 S1 HKU,IgG3 E484K Spike Erica Hexap,IgG4 Spike COV-2,IgG4 Ebola GP,IgG4 S1 CoV-2,IgG4 N CoV-2,IgG4 Flu Mix,IgG4 D614G Spike Erica Hexapro,IgG4 S1 OC43,IgG4 WT Spike Erica Hexap,IgG4 O'nyong'yong,IgG4 K417N Spike Erica Hexap,IgG4 WT RBD,IgG4 E484K RBD Florian,IgG4 B.1.1.7 RBD Florian,IgG4 Empty,IgG4 N501Y d69-70 Spike Erica Hexap,IgG4 B.1.351 RBD Florian,IgG4 S2 CoV-2,IgG4 NTD CoV-2,IgG4 S1 HKU,IgG4 E484K Spike Erica Hexap,IgA Spike COV-2,IgA Ebola GP,IgA S1 CoV-2,IgA N CoV-2,IgA Flu Mix,IgA D614G Spike Erica Hexapro,IgA S1 OC43,IgA WT Spike Erica Hexap,IgA O'nyong'yong,IgA K417N Spike Erica Hexap,IgA WT RBD,IgA E484K RBD Florian,IgA B.1.1.7 RBD Florian,IgA Empty,IgA N501Y d69-70 Spike Erica Hexap,IgA B.1.351 RBD Florian,IgA S2 CoV-2,IgA NTD CoV-2,IgA S1 HKU,IgA E484K Spike Erica Hexap,IgM Spike COV-2,IgM Ebola GP,IgM S1 CoV-2,IgM N CoV-2,IgM Flu Mix,IgM D614G Spike Erica Hexapro,IgM S1 OC43,IgM WT Spike Erica Hexap,IgM O'nyong'yong,IgM K417N Spike Erica Hexap,IgM WT RBD,IgM E484K RBD Florian,IgM B.1.1.7 RBD Florian,IgM Empty,IgM N501Y d69-70 Spike Erica Hexap,IgM B.1.351 RBD Florian,IgM S2 CoV-2,IgM NTD CoV-2,IgM S1 HKU,IgM E484K Spike Erica Hexap,FcgR2A-1 Spike COV-2,FcgR2A-1 Ebola GP,FcgR2A-1 S1 CoV-2,FcgR2A-1 N CoV-2,FcgR2A-1 Flu Mix,FcgR2A-1 D614G Spike Erica Hexapro,FcgR2A-1 S1 OC43,FcgR2A-1 WT Spike Erica Hexap,FcgR2A-1 O'nyong'yong,FcgR2A-1 K417N Spike Erica Hexap,FcgR2A-1 WT RBD,FcgR2A-1 E484K RBD Florian,FcgR2A-1 B.1.1.7 RBD Florian,FcgR2A-1 Empty,FcgR2A-1 N501Y d69-70 Spike Erica Hexap,FcgR2A-1 B.1.351 RBD Florian,FcgR2A-1 S2 CoV-2,FcgR2A-1 NTD CoV-2,FcgR2A-1 S1 HKU,FcgR2A-1 E484K Spike Erica Hexap,FcgR2A-2 Spike COV-2,FcgR2A-2 Ebola GP,FcgR2A-2 S1 CoV-2,FcgR2A-2 N CoV-2,FcgR2A-2 Flu Mix,FcgR2A-2 D614G Spike Erica Hexapro,FcgR2A-2 S1 OC43,FcgR2A-2 WT Spike Erica Hexap,FcgR2A-2 O'nyong'yong,FcgR2A-2 K417N Spike Erica Hexap,FcgR2A-2 WT RBD,FcgR2A-2 E484K RBD Florian,FcgR2A-2 B.1.1.7 RBD Florian,FcgR2A-2 Empty,FcgR2A-2 N501Y d69-70 Spike Erica Hexap,FcgR2A-2 B.1.351 RBD Florian,FcgR2A-2 S2 CoV-2,FcgR2A-2 NTD CoV-2,FcgR2A-2 S1 HKU,FcgR2A-2 E484K Spike Erica Hexap,FcgR2A-3 Spike COV-2,FcgR2A-3 Ebola GP,FcgR2A-3 S1 CoV-2,FcgR2A-3 N CoV-2,FcgR2A-3 Flu Mix,FcgR2A-3 D614G Spike Erica Hexapro,FcgR2A-3 S1 OC43,FcgR2A-3 WT Spike Erica Hexap,FcgR2A-3 O'nyong'yong,FcgR2A-3 K417N Spike Erica Hexap,FcgR2A-3 WT RBD,FcgR2A-3 E484K RBD Florian,FcgR2A-3 B.1.1.7 RBD Florian,FcgR2A-3 Empty,FcgR2A-3 N501Y d69-70 Spike Erica Hexap,FcgR2A-3 B.1.351 RBD Florian,FcgR2A-3 S2 CoV-2,FcgR2A-3 NTD CoV-2,FcgR2A-3 S1 HKU,FcgR2A-3 E484K Spike Erica Hexap,FcgR2A-4 Spike COV-2,FcgR2A-4 Ebola GP,FcgR2A-4 S1 CoV-2,FcgR2A-4 N CoV-2,FcgR2A-4 Flu Mix,FcgR2A-4 D614G Spike Erica Hexapro,FcgR2A-4 S1 OC43,FcgR2A-4 WT Spike Erica Hexap,FcgR2A-4 O'nyong'yong,FcgR2A-4 K417N Spike Erica Hexap,FcgR2A-4 WT RBD,FcgR2A-4 E484K RBD Florian,FcgR2A-4 B.1.1.7 RBD Florian,FcgR2A-4 Empty,FcgR2A-4 N501Y d69-70 Spike Erica Hexap,FcgR2A-4 B.1.351 RBD Florian,FcgR2A-4 S2 CoV-2,FcgR2A-4 NTD CoV-2,FcgR2A-4 S1 HKU,FcgR2A-4 E484K Spike Erica Hexap,FcgR3A Spike COV-2,FcgR3A Ebola GP,FcgR3A S1 CoV-2,FcgR3A N CoV-2,FcgR3A Flu Mix,FcgR3A D614G Spike Erica Hexapro,FcgR3A S1 OC43,FcgR3A WT Spike Erica Hexap,FcgR3A O'nyong'yong,FcgR3A K417N Spike Erica Hexap,FcgR3A WT RBD,FcgR3A E484K RBD Florian,FcgR3A B.1.1.7 RBD Florian,FcgR3A Empty,FcgR3A N501Y d69-70 Spike Erica Hexap,FcgR3A B.1.351 RBD Florian,FcgR3A S2 CoV-2,FcgR3A NTD CoV-2,FcgR3A S1 HKU,FcgR3A E484K Spike Erica Hexap,ADCD WT RBD Florian,ADCD N501Y RBD Florian,ADCD SA Variant RBD Florian,ADCD E484K Variant RBD Florian,ADCD P1 Variant RBD Florian,ADCD B.1.1.7 Hexapro Spike�,ADCD WT Hexapro Spike Erica,ADCD D614G Hexapro Spike Erica,ADCD N501Y Hexapro Spike Erica,ADCD E484K Hexapro Spike Erica,ADCP WT RBD Florian,ADCP N501Y RBD Florian,ADCP SA Variant RBD Florian,ADCP E484K Variant RBD Florian,ADCP P1 Variant RBD Florian,ADCP B.1.1.7 Hexapro Spike�,ADCP WT Hexapro Spike Erica,ADCP D614G Hexapro Spike Erica,ADCP N501Y Hexapro Spike Erica,ADCP E484K Hexapro Spike Erica,ADNP WT RBD Florian,ADNP N501Y RBD Florian,ADNP SA Variant RBD Florian,ADNP E484K Variant RBD Florian,ADNP P1 Variant RBD Florian,ADNP B.1.1.7 Hexapro Spike�,ADNP WT Hexapro Spike Erica,ADNP D614G Hexapro Spike Erica,ADNP N501Y Hexapro Spike Erica,ADNP E484K Hexapro Spike Erica,Nkdegran MIP1b% WT Spike Lake Pharma,Nkdegran MIP1b% D614G Spike Erica,Nkdegran MIP1b% N501Y Spike Erica,Nkdegran MIP1b% E484K Spike Erica,Nkdegran MIP1b% B.1.1.7 Spike Erica,Nkdegran MIP1b% B.1.351 Spike Erica,NAbs Week 6,IFNg-T cell
0,15-115,I (10^11 vp),Protected,Total Protection,Med NAb,70.57847743,29.10803337,104.86872,6.2725,2.6975,12.9975,29.880465,24.566345,38.85482,74.5791,871367,3445.5,579219.5,37207.5,5191.5,950606,4177,799934.25,8703.75,726893.5,779371.25,20206.5,465984.5,5330,602464.5,79317.5,824503,149245.5,3222.75,430488.75,96897.25,2909.5,64426,6723.25,3463.5,113751.5,3468,83412.5,4260.75,79501,84623,9865.75,56881,3309.75,78432.5,21206.5,86333,32498,3127.5,56220.25,94076.75,2618.5,57613.5,6224.5,3258,105565.25,3540.25,76255,4098.25,73747.25,76943.25,11660,57712.5,2913.5,79144,25345.25,83799.75,37258.75,2900.5,51257.75,93171,2751.5,61267.5,8564.5,3211.5,104526,3591.5,82260.75,3916.5,76350.75,75595.5,12364.5,65327,2974.75,76190,24741.25,87487,36034,3015.5,52912.5,89490,3620,74473.25,18286.25,4428.25,101181,4512,78950.25,10354.75,74316.75,77644,11170.5,56755,4294,74045.25,23538.5,84921.25,31070.25,3374,59917.25,68548,38652.75,302450,260376.75,113470.5,264870,119904.25,72662.5,1654557,128661,176393.5,262772.75,189454.75,110642.75,81856.5,138687.75,76238.75,218036.5,206442.5,118483,447801,3865.75,233350.5,64281.75,5008.5,718266.25,4388.5,369044.5,13733,259105.75,497870.75,6044.75,209229.75,5617.5,175420.5,33432,572459.75,9911.5,3762.25,97538.5,538934.25,4898.75,325666.5,69815.25,5369,907091.5,4526.5,426574.25,16306.25,319961.75,506193,5887.25,260501.5,5794.5,217713,26545.5,536487.5,10406.75,3570,112706.25,127717.5,3149.25,82300,56639.25,4033.75,395425.5,3833,55086.5,6549,50012.75,166151.75,4387.75,44594.25,4029,44308.75,9232.25,148281.5,5335.75,3255.5,11858.5,629820.75,4859.5,401474.5,180251.75,6028.5,1090673.75,4271.5,443204.5,24036,407873.75,729463,6734.25,366086,6329.5,255591,46179.5,667750,21214,3193.75,153151.5,455269.75,4268.5,296238.25,231130.75,5342.25,757705.75,4059.25,342985,17318.75,343439.75,393395.5,9179.75,262410,5413.5,256483.5,50762.5,394854.5,31959.5,3526,156682,277.186858,215.072911,33.44461502,46.06420183,11.69544128,932.3994949,1242.567778,1266.852571,1448.243636,1600.596289,243.7145996,206.9143315,178.8654352,142.2282547,154.8428308,133.7139312,338.5943788,139.5877764,132.1997399,126.0481958,14.43859,18.08674,13.86436,12.1849,11.34168,2.086245,5.38715,12.93592,5.476535,11.43414,6.13,5.65,8.19,1.955,5.335,4.545,6607,20
1,15-117,I (10^11 vp),Protected,Total Protection,High NAb,109.1159113,38.86382258,153.13581,15.995,13.24,30.8,65.317025,37.4679675,60.819005,139.6172913,1650940,4190.25,1319367.5,55782,7048.75,1759133.25,5328.75,1608269.5,7612.5,1522305,1455251.25,180362.5,1293548,6952.75,1506224,498888,1572738,968366.25,3553.5,1297269,100931.75,2721,89003.5,4602.5,3290.5,109975.25,3487.25,85296.25,4562,92732.5,91271.25,19273,70268.25,3237,95575.25,31852,94754.75,53106,3008,77557.5,110104,2801.75,87703.25,5381,3334.75,134565.5,3609.75,93944,4300.25,94577,89530,17231,82397.5,3043,105006.75,30879.5,95669.5,50216.5,2920.5,78057.5,102904.5,2716.5,120174,5354.5,3128.25,125483,3654.5,95427.75,3673.5,99388,95119,19402,80464.5,3275,91419.75,32651.5,98895.5,56537.25,3112,77145.75,120806.25,3083.5,95111.5,22955,3679.25,137150.75,3959.5,100271.75,23013.25,108663.5,104181,18667.75,90420.5,3604.5,116404.5,34748.5,111977,61320.75,3134.75,88197.75,79032.25,39145.25,199056.25,298826.75,110361.5,173123,116465,132882,762548.5,110430,88959.25,148060.5,66669.75,111450.5,94143,103831.5,78216.25,85011.25,78074.5,117635,1424673,3778,1117254.75,128166.25,5093.25,2150812,4295.5,1586264.5,12336.25,1384123,1667931,14077.5,1411309.5,4984.5,1107354,243419.75,1654255.5,349386.5,3663,666143.25,1359309,3895.25,990754.5,87116.5,4429.25,1856253.75,4286.25,1194964.75,9514.5,1026198.5,1426212.25,22443.25,1240139,4666.5,1013606.5,200863.25,1478586.5,297943.25,3566.75,548936,774811.5,3191.75,672426,76993.5,3961,1783917.25,4140.75,758918.75,5748,517470.75,1225790.5,5531,832480.5,3463.5,457033,68575,979792.25,56704,3064,208177.75,1314212,4524.5,1041592.25,309475,5260.5,1901755,4654.75,1372838.25,12393.25,1196202.5,1580883,44514.25,1511490.75,5776.25,1066354.5,331188.75,1449153,420658.5,3414.5,817842,1038171.5,4101.75,720533.75,234508.5,4885.25,1368041,4018.75,943559.5,10404.5,797045,1157690.5,52011.75,886112.5,5257.5,809051.25,240911.5,1035274.5,296667.25,3434.75,559964.5,495.2157096,475.4899389,23.28831513,26.90229578,12.27460031,2231.505521,2082.826995,1196.192479,1497.74625,1602.998311,382.2691072,343.967041,189.9754164,200.7351174,160.0584173,266.6720894,577.0044871,377.0888798,238.9447375,238.6507995,27.20826,37.66745,14.03026,12.949895,12.72632,6.89553,13.46498,23.94663,10.29052,28.79015,10.745,14.675,6.785,5.39,5.055,10.4,23192,40
2,15-131,I (10^11 vp),Protected,Total Protection,High NAb,93.70331724,45.52571911,145.92481,12.78,8.2675,25.525,33.5559825,27.8705575,45.237055,96.76244625,1171817.5,6357.75,833348.5,99524.5,10291,1324720.75,5219,1118756,55282.5,1090119.5,1144260,60491.75,876765.5,10243.75,935949,190036.75,1151894.5,324048.5,3717,761501.25,89108.5,2795,63766.5,6657.5,3806.25,113931.5,3576.5,91787.5,6031.75,82247.25,71817.75,14426.5,60054.5,3210,79464.25,22577,66550.75,34011.75,3132,65066,71128.5,2838.5,58292.75,6476,3460.25,90203.75,3669.25,58432,6957,62924.25,64562,14119,53682.75,3121,64251.75,19600,64295.25,28383.25,3049,50448.75,88883,2951.5,64522.5,9211.25,3559,113433,3870.5,77814.5,7110.75,75143.75,79838.5,13712.5,61471.25,3144.75,76728,21846,76709,36122.5,3035.5,59199.5,97211,3960,70008.5,17932.75,4102.5,126501.25,5807.25,94970.5,17104,85183,81787,14993.5,67985.75,4275,85982.5,23935,89984.5,37711.5,3124.75,67871.25,173528.5,68080.5,576588,406493,105198.5,381147.25,207921.25,186351.5,1386166.75,219816.5,299698.25,501685,352588.5,93794,210814.75,403399.5,162031.25,295787.5,225247.5,201454.75,719867.5,4267.25,571825,108798,5596,1263230,5323.5,627813.25,74895.25,473042,878805.5,9529,642564.75,5034,318938.5,52046.25,686123.25,15684,3802.75,110519.5,620809.75,4726.5,513431.5,101255.5,4719.25,1291387.5,5044.25,568590.25,83118.75,312794.5,675956,6357,372433,5365.5,290380.25,30555,687436.5,11736.25,3342,110640.5,211166.75,3217,185923,74186,3842,787086,4040,228962.5,35021.75,76101,378926.5,4893.25,189216.5,3715,116679.25,10749,190323,5694.5,3466.5,30636.25,702018.5,3758.5,638439.75,183299,4820,1165586.75,4773.5,601190,77939,486253.25,802080,11031.5,557210,4956.25,497194.5,57054,667729.5,31012.5,3655.5,215693.25,421907.25,3807.75,331676.5,284753,4844.25,795378,4496.25,380471.5,59710.25,362749.5,622649.5,10432,430118.25,4437.25,290639,79308.75,419495.5,35904.5,3565.75,193620.5,209.5731818,196.7255048,14.38673896,21.91376043,11.14624823,1166.99234,1763.766622,1027.01242,648.5468702,1181.077586,216.7836538,200.7671149,152.0260854,139.3507264,128.0266017,140.1018432,325.7578609,186.5907868,113.4782675,117.8671758,18.70594,23.8351,18.49735,18.927235,20.641095,3.149925,7.5458,17.07259,6.011415,17.05424,6.49,6.36,4.54,3.85,3.445,10.285,9258,100
3,15-072,I (10^11 vp),Protected,Total Protection,High NAb,122.4544386,38.2620765,158.9762175,13.3925,8.8175,27,42.326635,26.41414,50.491635,94.729995,1481734.25,4632.5,1307167.25,98718.5,6692,1698092.25,5328,1473290.5,7778.5,1371719.5,1483967.5,170697.75,1320223.5,6943.5,1338121.75,227069.5,1428304.25,348592.25,3385,994053,91427,3101.25,71524,7651.75,3369.5,118487.5,3833.5,86463.25,3806.5,83401,82399.25,18882.5,63431,3260.75,82773.75,28642.5,84352.75,35970.75,3084.5,66210,103602.75,2617.75,82995.5,7293,3174,121359,3631,85673,3836.5,88928.5,81289.25,19941.5,69043.75,3141,83322,31012.5,86993.5,38136,2885,61901.5,96846.5,2691.75,83671.25,7409,3171.25,112782.5,3496,82590.5,3757,68638.5,87714.25,20013.5,69601.75,2995,82878.75,30565.25,90531,36182,2970,62306.25,88994.75,2710.5,81049.25,7935.75,3186.75,121025,3474.5,78057.5,3853,71300,83221.25,18162,74421,2985.25,76047,28781.25,79213.75,34028.5,3050.5,64688.5,127875.75,57110.25,394260.75,222165.75,90050.25,386869.5,243623.25,201063.5,1579278,232640.25,288342.5,449662.75,373487,85278.75,232079.75,373812,121371.5,343186.5,299621,234221.5,1013987.5,5388,894213.75,62561.5,4805,1591585.75,4893.5,960004.75,19275,630385.75,1317888.75,9511.75,939576,6096.75,592833.5,38350,1072930.5,15651,3344.25,275652,674173.5,4595.25,748366.5,52528.5,4562,1564139.25,4405.5,978736.25,15760,598213.75,1194145,11727.5,950881.5,4661.75,502969.5,22723.25,1051861.25,15433,3328.5,254978.5,377778.25,3345.5,285371,68185.5,4039.5,1242501,4271.25,372365.5,7972.5,233752.5,905649,4602.25,608417,3539,197069,10480.5,573011.25,5600,3501,43374.5,963097.5,4811,986054.5,292544,6877.25,1448184.5,4767,878999.5,25145,610400.75,1166650.25,14232.5,936716.25,4977.25,564612.25,61926.75,1055778,42146,3775.5,375122,682028,4772,639314.5,456091.5,5677.5,1089207,4183.75,647698.75,16779.5,503747,893497.5,20793.75,714335,5987.75,519468.25,64496,706433.5,49892.5,3311.5,324320.5,264.2480239,181.1994301,27.65488073,27.76819279,14.43420463,1035.985612,1881.06767,1095.338218,1775.563208,2451.176422,253.9646142,286.6962565,172.1230169,180.7030437,170.9409643,166.892936,371.8869862,240.384295,154.5972777,165.196579,17.376955,20.21834,14.65831,14.19957,12.919735,3.18092,6.29463,14.823525,4.65894,15.31975,7.22,11.215,5.135,5.405,7.855,11.085,8312,335
4,15-084,I (10^11 vp),Protected,Total Protection,High NAb,96.76785419,44.02517486,124.77549,13.9025,8.9375,24.45,44.0642375,36.7379425,65.5057025,98.42005125,1511386.5,3668,1692068.75,33986.75,4778.25,1754661.5,4741.5,1496033,11408,1510683.25,1407421.25,274379.25,1259240,5160.5,1498095.75,559627.25,1412802,776377.5,3295,1250749,89999.5,2722.75,113163.75,5264.5,3142.25,108661,3528,67547,4219.75,81955,82917.75,22541,68216.75,2882.75,86741.25,41284.75,76722.5,45543,3094,68601.75,90823,2641,123872.75,4756.25,3140.5,117592,3654.5,80941.25,4760.75,88899.75,91234.25,19626.75,69642,2633,98389.5,45643.5,84748,53365.75,2996,75708.75,76645.5,2548.5,102327.25,5359,3039.5,107581.75,3440.5,49942.5,4410,58627.25,83664.75,17888.75,62662.5,2811.5,76745,36347.5,72559.5,32607.25,2978,65844.25,81669.25,2880.25,116380,18043,3444.25,112266,3898.25,66656.75,13653.25,82271.25,81198.75,19620,71809.75,3221.75,85802.25,40146.5,77615.25,48520,3073.75,65451.5,93075.25,59206.25,273305,553307,81518,290215,273402.5,214187,1378653,123421,144487,607441,253429,97424,113465,280156,91691.5,213451.75,155756,111914.25,1437728,4481,1522681.25,38778.75,4148,2116797,4771,1456743,19313.25,1204650.75,1602736.5,28720.75,1318303,4103,1105684.25,312471.25,1544268.5,169852.25,3714.25,707004,1285440,4106.5,1478287,32620.5,4102.5,1969005,4397.5,1167739.75,18538.5,999850,1570244.5,32036.5,1134786.5,3884.5,932165.5,318658.5,1357321.5,135623.5,3570,667290,887286.75,3209.5,865410,31872.25,3699.75,1598968.75,4528,851229.25,9722.25,642651,1178341.25,6217.5,732477.75,3399.5,531871.5,58618,829333,12569.5,3537.5,226855.25,1202670,3579.25,1473899.75,74433,3816.75,1885681,4864,1070879.75,25613,850367.5,1547981.75,55966,1353646.5,4098.5,906688,430286.5,1249666,227589.5,3548,671514.25,987223,3305,1069539.75,179648.5,4180.25,1477594,4377,864602,17822.5,702850,1084582,50528.25,683772.75,4233.5,737821.5,280862.5,820890.5,170115.25,3349.5,513147,682.9626807,752.8670215,44.86439577,46.09016333,23.02032281,1769.536404,2465.886512,2423.800628,1700.418431,2845.171765,333.2374635,300.0862896,197.4120922,220.3229431,205.5384034,193.6949237,454.0489873,337.42468,236.1022161,245.0373355,32.678465,32.196915,30.47834,24.147905,23.026185,6.32143,14.29155,27.961355,11.34728,23.514475,8.675,9.68,5.305,4.915,3.85,5.74,15678,135
5,15-139,II (5x10^10 vp),Protected,Total Protection,High NAb,106.1479843,39.41959545,151.0441375,17.24,14.335,36.175,31.563455,33.5299875,50.6140025,87.77765625,1581410.25,6115,1209047.75,30386,9916.5,1631735.25,5017.75,1406848,15796.5,1334820,1378881,189472.25,1127602.5,10591,1394004.5,444614,1434540,628533.25,3686.25,1018239.25,89224.25,3053.25,74792,4560.25,3498.75,100914.25,3735.5,71529.5,5559.25,75735.25,72734.75,16068,66269.25,3124.25,76734.75,27630.75,88120.5,35965,3030.75,51763,96789.5,2776.75,82878.75,4172.5,3527.25,119850.5,3722.5,88167.75,6114.5,92777.25,85649.5,18123.5,72385.5,3062,87529.5,31432.25,99071,43555.25,3090,67306.25,88141.5,2745.5,72839.75,5020,3369.5,108965.5,3439.75,61774,5086.25,81465,80974,16260,70056.5,3140.5,87304.25,31146.75,86986.5,36797.5,3011.75,62084,96246,3103.75,85564.25,10675.75,3637,126158.5,3830,84165.5,8857.5,85665.25,91130.25,16701.25,74045.25,3549.25,89057.75,33471,98896.5,42175,3172,69476,105827.5,70582.25,303715,458945.75,31977.5,665080.5,321740.25,385224,1267398.75,194418.75,155349.75,293780,136145,30048.5,173656.75,230915.25,116257,411690.75,336213,180628,1205809.75,5443,896178.5,25019.5,6542.5,1579951.5,5118,1002954.5,15208.5,953938.75,1341286,24378.5,1002567.75,6760,806850.25,201995,1335025.5,77981,3588.25,591085.75,1002870.5,4817.5,870333.5,25797.25,6176.5,1576684.75,4987.25,856713.5,13212,755043.5,1135051.25,20852,685303.5,6487.25,648390.25,204332.5,1206996.5,68202.25,3780.75,449707.5,622244.75,3529.75,417016.5,26525,4303.5,1325196.5,4232.25,624269.75,7091,396495,850729.75,5419.25,500095,4140,315877,42461.75,731145.5,8249,3211.5,131646.5,896951,4369,760805,82588,5713,1420427.75,4699.5,848514.75,15722.5,704960,1180152.5,30844.25,770312,6239.75,563500.25,201064.25,1057403.75,92376.5,3339,507063.75,820542.5,4489,638061.5,110700,6668.75,1133500,4592.25,696969.75,13675.5,607357.5,895201.75,58381.5,622656.75,6900.5,520581.75,291095.5,791801.75,128408.5,3346.5,476588,313.4857829,224.7308979,25.38471047,21.46429682,13.31905941,834.703682,1720.931139,1283.602564,1651.140824,1641.168182,267.4555193,253.6841739,168.7166395,188.9081958,194.412504,132.4283022,388.5704288,235.9945166,155.6288288,158.1384906,16.70698,24.041105,16.25374,16.367745,13.60868,3.40992,5.75433,16.94652,5.83692,19.14876,2.035,11.6,2.505,3.235,11.67,11.1,11180,220
6,15-143,II (5x10^10 vp),Protected,Total Protection,Med NAb,113.0088721,40.64690491,119.3819125,9.7975,5.26,19.24,34.3141275,32.878895,48.554475,87.70265,1121643.75,5051,842717.25,74072.75,6967,1238639,4426,1048429.5,14684.25,983306.75,997180.5,57692,792114,8113,915860.5,160047.25,990609.5,143468,3309.25,742449.75,74243,2998.5,64585.5,8946.75,3592,91640.75,3618.25,63540,4634.25,64979,67019.75,13699.5,58168,3483,66251.5,25384.5,67729.5,22941.5,2960.25,54089.25,70458.25,2861.75,60132.5,6412.5,3483,81725,3637.25,63784.25,4332,67900,61082.5,14095,55172.75,3233,67054.5,20943.25,62425,20454.25,2867.5,47139.5,74280,2796,70910.5,8908.5,3258.75,99125.5,3729.75,65627,4695.5,60813.25,75235.75,14527.25,63315,3154,65575.75,26189.5,61371.75,23297,2885,55149.5,97525.5,3681.75,86299.75,22022.5,4503,113661,3970.5,87356.5,10770.75,83160.25,83855.5,14476,66620.75,4372.75,81298.25,27368,84513.5,28842.5,3189.25,64259,261733.5,87404.25,434455.5,506730,34307.5,663615.5,239990.5,329098.5,1625435.25,295534.5,289647.5,423214.5,245454,27192.5,270582,291968,201581,573926.75,302276.75,253962.5,735501.25,5866.75,410081.75,79469.5,5655,1326202,4786.5,665223.25,22693.25,446321,801811,8297.5,328879.25,5631.75,435900.5,53257,740072.75,9399.5,3540,173298.25,697594.5,5534,457490.75,85804,5382.5,1195678,4728,610045.75,22824.75,468459.5,737800.25,9779,342823.25,6147.25,383307.25,41464.5,672119.5,10526.5,3579.75,208265.5,229504.5,3364.75,117902,72077,3842.5,759828.5,3925.5,186702,10453.75,131479.25,291504.25,4377.25,91767.25,3828.75,88511.5,9306.75,166768,5164,3193.75,49771,667203.5,4175,571396,174248,4883.5,1237910,4562.5,604934.5,24833.5,461821.75,811630.5,13066.75,401790.25,5847,379131,57410,655315,13386.25,3291,189028,486131.25,4423.25,354408.5,254341.5,4928.75,786122,4278,419141,19068,367525.75,466081.25,13019.75,301300.5,5926,329539,69745,452858,29087.25,3432.5,243748.75,321.5545309,200.2900507,49.35517139,31.50519987,36.87556791,865.1579882,1878.441754,894.7151493,510.2347541,2321.064,237.1261318,282.9729576,160.5674945,187.5440455,158.8466063,111.9421197,336.9813384,228.9632957,132.4501499,131.9322606,19.01184,23.36412,17.25018,16.70686,16.872875,3.563725,6.468355,18.552155,6.08089,16.49814,7.76,10.04,2.9,3.745,2.75,7.05,7038,0
7,15-145,II (5x10^10 vp),Protected,Total Protection,Med NAb,99.86375641,35.75512658,131.0084425,12.2275,8.0125,22.95,38.771775,38.220675,48.24208,87.32091875,1181691.5,6977.75,713837.25,36159,10030.25,1225786.5,5822.5,1178412.5,9915.75,1123836,839093.5,25760,620683,11510,1113439,119603.75,1010216.25,236564.5,4553,790010.25,87451.5,3025.25,59178.5,6219.25,3769.25,84783.5,3653.5,63538.5,4009.25,73978.75,54934.25,8439.75,48271,3664.75,72369.5,15870,65320,27675.5,3124.5,57406.5,80705,2975.25,54871.5,6161.5,3667,86105,3587,62857.5,4275.5,69658,54351.25,8634,52377.5,3419.5,67634.75,17372.25,68559,23320,3035,56118.5,91097.25,2786.25,59786.5,5443.5,3697.5,93195,3557.75,74516,3778,77805.5,61060.5,8788.75,57669.5,3344.75,76584,18036,73061,28670,2921.5,58414.5,89337.75,3463.75,60943,27165.25,4423.5,98172,3910,79341,28796.5,89968.75,61042.25,9531.5,53196.5,4239,87884.25,18461.75,79759,29751.25,3282.25,61964,236488.75,88237,321514.75,392046,56834.75,575056.25,175378.25,298099,823006,271549.5,338594.5,364623.25,306891,58835,240777.25,286086,203648.5,363425.75,295363,243433,1341549.25,6971.25,2178917.75,53192.5,7679,1591878.75,5128.75,835019.5,18182.5,702512.5,1080931.75,7935,539794,9118.5,591166.75,45894,936358.5,13156,4426,297638,1227405,6349,1859526,51583.5,7329.25,1503838,5020.5,891270,19917.5,666976.25,1004059,8668.75,596190,10023.5,684503,35458,855374.5,14583,4141.75,318358.75,769168.75,4150.5,1493566,42895.25,4926,1200067.5,4217,439486.25,9125,295188.5,458212.25,5320,179429.25,5354,242571.5,10431.25,400460.5,5919.5,3435,68388.75,1187676.75,5876.75,1923589.25,123998.5,7837.5,1422073.75,4401.25,879424.75,23461,693934.5,935429.75,10601.5,723420,8605,745274,52844.5,801614.75,31215.25,3845.75,475361,926529.25,5075.25,1142019,184172.25,7389.75,1059191,4612.5,556759.5,17456.5,490063,671931.5,12700.25,496095,8240,516058,57530.5,566846.5,36673.5,3915.5,309041.75,318.0390576,275.4327313,52.59478706,72.9366887,24.54795434,749.7390361,1467.131516,1476.128131,1839.607188,2029.058451,222.7146531,239.5355905,178.0982448,178.7043832,166.2633333,138.8757848,353.3030954,239.0205522,140.5009611,152.678296,20.35692,23.01404,19.77853,20.24576,19.14406,2.712885,5.549215,17.55847,4.93806,16.359,6.475,7.295,2.88,3.77,5.94,10.615,8167,20
8,15-086,II (5x10^10 vp),Protected,Total Protection,High NAb,125.2876172,40.00318766,143.0369725,12.5725,11.7625,32.95,39.477815,22.3629725,55.5270775,104.4057063,1295743.25,2522.25,981771,17582.75,3356.5,1559935.75,3828,1340362.25,4040.75,1171628.5,1355111,159634.5,1165219.75,3203.25,1235099,301371.5,1351959,615946.25,2984.75,802510,91131.5,2621.5,70379.75,5174.5,3110.5,113869.75,3558.5,86800.75,3457,88095.5,68380.25,19091,66919,2800,90073.75,32527,89646,58654,2916,63152.5,83886.75,2565.5,76935.75,4673.5,2996.5,102596,3602.25,69735,3175,72057.25,70788.25,18060.5,72089.75,2776.75,85140,33699.5,73885.75,43090.75,2898,60534.5,91678.75,2532.5,73098.75,5985.25,3089.25,111780,3490,86430.25,3506,79972.5,78251,19681.25,71956.75,2759.5,71574,31159.25,89433,48158,2895.5,60579,109307,3374.25,85395.5,16992,4477.25,143013.25,3999,96883,9569.5,95899.75,88813.75,20052.25,86064.75,4401.75,100262.5,32235,102370.5,50441.5,3174.75,78591.25,301541.5,33498.5,315026.5,422389,26628.5,485410.75,212849,312622.5,1110281.5,259386,455039.5,210623,332034.5,24653.25,241093.5,151084,265787.25,204598.5,209149.75,201818.5,1476925.75,3932.75,903592,18938,4380.25,2183486.25,4467,1440122,8167.5,1294720.25,1765900.5,13902,1465119.25,4530.25,1160206.25,176666.5,1515038.5,230190.25,3363.75,622074.75,1291662.5,4171,868991.75,23006.75,4276,2084148.75,3989,1463718.25,8265.25,1088151,1677349.25,12316,1298758,4787,1033767.5,160203.5,1432197.5,184847.25,3380.5,585383.5,752315,2791.5,395222.25,17602.75,3269.5,1891582.75,3828.5,971563.75,6132,603773.5,1392048.25,4250.75,851785.5,3334.25,598600.5,28875.25,997591.25,23379.5,3259,98007.75,1367043.5,4000.5,972117.75,72974.5,5800.5,1909417.75,4155.5,1416196.75,8813.75,1180819,1581273.5,27307.25,1214386.5,5828.5,1222388,275533,1430701.5,408054.75,3396,751328.25,1185651.5,4211.25,633178.5,99040.25,5581.75,1554970,4318.25,1182798,7947.75,1027152.75,1277487,38209,980702,6256,999072.75,180134.5,1127093.5,395227.75,3293.75,607976.5,427.0126745,230.9027642,14.73430135,14.42825486,10.32210671,1530.540909,1571.33545,1498.264212,1815.276522,2102.408553,431.6742628,404.8017681,230.3520327,220.0659068,195.4975327,219.189691,531.023762,361.5037535,173.4242106,194.6399074,16.97008,24.385065,14.89113,14.854845,11.90594,2.88604,5.53727,13.042615,4.84134,13.172535,4.08,4.365,2.26,3.85,2.7,3.78,12645,165
9,15-104,II (5x10^10 vp),Not protected/only protected BAL,Partial Protection (BAL only),Low NAb,100.7738192,33.91625444,111.0778625,8.94,4.08,16.815,22.7212475,27.5704925,40.6776775,66.51428,947670,3419.75,666829.25,165946.25,4690.25,1158697,3791.75,918127,6591,829800,828470.25,34551.75,606291.25,4224.75,798133.5,108444,866546.5,75777.25,3153.5,530225.75,83816.25,2696.5,63638.25,19268,3036.5,100457.5,3471.5,68499,4042.75,65100,75886.5,12425.75,62271.25,2930,68880.25,22994,76368,23515.5,2965,46901.5,69883.5,2576,61234.75,19629,3078.5,99859,3552,60119.75,3917.5,59836,74609.5,10486,58372.25,2750.5,64639.25,21654.5,68350,18671,2898,40026.5,64789,2586,51969.5,16830.25,3064.5,82822.25,3524.75,58955.75,4032.75,56953.75,67408,10920,53071,2898,55611.5,21829.25,60368,19300.5,2928.25,35149,63379.5,2642,49095.25,22304.5,3021.75,81135,3574.25,55648.5,5429.25,56043.5,64764.5,11079.5,48340.25,3049,52231.5,19538.5,59449.5,17985,3000.5,39960.25,85498,37428.25,319880.75,338526.5,21011,597056.5,100064.25,257497.5,1373065,172115.5,134536,612580,141862.75,23871.75,166683.75,367067.75,85824.25,247168,181373.25,146288.25,668731,4282.25,372530.75,109811.75,4557,1230624.75,4530.75,599724.75,12796,322173.75,590029.5,6993,235833,5049,347479.5,35066.25,610865.25,6942,3691.25,91800.5,494964.75,3664,291236,64399.5,4290,985565.5,3996.5,483786.75,11632,293395,568329.25,6115.75,164765.5,4051.25,275996.5,29404.25,477213.25,6096.5,3348.5,80737.75,91493.25,3115.5,85519,58494.5,3313.25,702197.5,3607,77168,7575,44872,174442.5,4437,31695.5,3574,40316,8952.75,90166.5,4696.75,3175.75,9767,784950.25,4336,565827.5,337288.75,5130.75,1344678.25,4283.75,748678.5,16284.75,512922,740789.25,9279,419509.5,4936.5,514685.25,67651.5,747778.5,11141.25,3702,223365.5,582560.5,4639.5,353824.5,456003.25,5427.5,813651.75,4537.5,535921,13690.5,456934.5,520909,13409,282195,6140.5,435869.5,44028.5,531723.5,25293.25,3499,243737.5,143.8276969,61.59229549,17.85051277,23.27847855,12.64065293,639.1090975,1446.369489,872.1657534,1359.457113,1381.30125,341.2444158,285.6056829,211.1618196,216.1595094,219.9134025,92.04174928,402.5699807,217.2960944,121.6395336,132.2058398,18.87139,22.210085,21.53786,21.74684,20.44463,2.04996,8.302135,15.723345,5.257805,16.334535,4.435,3.115,2.175,2.38,3.455,10.625,4552,50
10,15-157,III (1.125x10^10 vp),Protected,Total Protection,High NAb,76.90907162,44.94771236,104.271465,10.8375,6.86,21.7,24.401405,36.892935,44.35453,72.41883,1116579.5,5175.5,774597,66515.5,6799.25,1224017.5,4822.25,971389.5,6871.5,905749,1069531,32918.5,829606,7407.25,887436.25,121614.25,1024643,377116.25,3329.75,571175.25,82333.5,2795.5,63687,8565,3657.75,99729.5,3520.75,74378,4073.5,72665.5,71365,10634.5,56018.25,3266.5,73107.5,26067.5,69095.5,40554.5,3106.75,48066.5,83586.75,2757,61131.5,7997,3332.5,102547.25,3727.5,71344,3894.5,73833.25,79762.5,11889,57217.5,3134.5,75079.5,22927.5,72263.5,40945.5,3011.25,46708.5,81893.25,2751.25,66859.5,9546.75,3338,100159.5,3495,65153,3884.5,64080,79164,11699.5,63646.5,2994.75,66789,25181.5,74181,44801,3040.5,48276.5,88164.25,3126.25,67032,31517.75,3823.75,108465,4044,64020.75,6780,70042,82314.75,11742.5,65445.5,3608,73953.25,22667.5,81253,36071,3123,41226.5,139660,32504.75,365751.25,198228.25,20357,414657,163701.5,214229,967390.75,144532.5,180965,165674.75,147683.25,20759.75,127091.5,111449.5,93716,244384.75,130756.75,121024.5,783809.5,6613.5,497542,107062.75,8062.5,1349036.5,5296.5,722672.5,16105.75,434283,1085415.5,8126,692404.25,11067.25,421042.5,23466.5,858267.5,33759,4216,119323.25,489994.5,6168,414085,54288.75,6086,1155302,4707.75,526889.5,13113,326773,862957.5,8290,537784.5,7315.5,325413.5,21405.5,701411.5,25213.25,3710.75,76793.5,112313,3662.25,124852.5,77098.25,4646.75,927449.5,3821.75,169443.5,7801.75,55433,581307,5628.75,270443,4133.75,47040.25,11988.75,282891,5577.25,3085,10306,808043.5,5217.5,672616.25,260746.5,6854.25,1349331.5,4650.75,764687,16163,490407,1105593.25,8920.25,768445.25,7655.25,465223.25,34914.25,910093.75,59957.75,3620.5,204874.5,663456.75,5402.5,435396,393193.75,6505.5,930479,4929,634742.5,11278,549079.5,756831.5,10968.5,550380.25,8035.25,511440.75,39705,695999.25,124991.5,3665,261033,180.3363292,170.8342749,27.66548126,27.1367038,34.17788042,637.8564014,943.6330189,755.274711,582.5285714,901.8258182,207.0762624,159.8737626,173.7053225,166.6216557,159.9537887,86.47757896,254.5106226,162.3168478,101.9909985,103.5053108,32.921775,28.233405,30.69756,27.76073,31.21134,3.29081,11.168815,21.77163,10.256985,22.55209,2.145,2.27,2.32,9.125,1.88,9.32,8686,35
11,15-159,III (1.125x10^10 vp),Protected,Total Protection,Med NAb,81.6051364,36.88415678,101.5133125,8.085,5.505,17.475,24.240125,36.5791375,42.997935,64.324205,1089034.25,3216,381474.5,18066,3988,1178831,3699.5,978420.25,6347.5,846723.25,866699.5,10547,675818.5,3914.75,839273.25,32891.25,883942.75,168418.75,3015,406628,85828.75,2568.5,42231.5,5211,3083,108200,3464,73331.75,3836,68571.25,85218.5,7705,69399.75,2922.75,70097,15545,78341,23616.25,2949,38337.25,66067.75,2456.5,38918.25,5704.5,2977.5,106994.25,3610,63006.25,4034.75,59987.5,85367,7465.5,65232.25,2844,69073,16625.5,71669.5,22103.75,2878,36801.5,88686.25,2629.5,46913.5,6984.5,3240.75,120625.5,3357,82950,4009,73581.25,91689.25,8171,77777,2852.75,72653.75,16042.25,84921.5,28155.75,2945,41223,126023.5,3216.5,60919.5,16502,4132.5,145714,4151.75,104461,20369,98534.5,116692,7658.5,92043,4159.75,100430.25,16321.75,115329.75,34049.5,3239.5,55021.25,87558.5,90777,481710,277090,19495,461124.5,195193,206100,1144290.5,189942,118453.75,221750.5,108250.5,22671.75,149563.75,156425.5,90337,454830.75,373657,177835.5,785581,4131.5,290010.75,43308,4297,1168542.5,4171.5,733509.5,16799.75,539047.5,729905,5538,375916,4442.25,404900.25,13943.75,910456.5,17650.5,3405.5,119432.5,655618.5,3881.5,323169,48885.5,4247.25,1283333.25,4330.5,631721.5,14848.25,340064.5,770515,5295.5,358855.5,4897,367621.5,15721.25,835916.75,13463.25,3427.5,98337,339380.5,3114.5,53773,39639.25,3272,1084363.25,4021,244704.5,7706.75,130691,408302.5,4047,149927.75,3191.25,78926,6341,443518.75,5348.75,3119.25,12972,881661.25,5186,506625.5,167067.5,5453,1306334,4622.25,955666,22073.5,723017.5,984300.75,6877.5,642517.25,6146,659288,20904,1017549,66724.25,3537.25,303510,669269,4504.25,297863.75,253703,5587,954039,4079.5,637823,14467.5,552722,644371.75,7318.5,420731.25,6268.5,524396.75,24654,716489,94110.5,3487,251722.25,250.0738276,225.685287,30.80262611,39.31457661,12.85233762,1178.419961,1118.397106,1604.356327,1347.4125,2091.777561,181.2808654,238.8635498,195.2959399,124.065638,133.2850678,91.50968645,393.3457647,201.3597434,106.7093898,106.5065285,14.904045,19.09258,14.149255,14.836735,11.1156,1.82116,6.96285,12.58885,3.715665,11.31291,3.72,3.245,1.115,1.88,1.335,4.68,8161,55
12,15-161,III (1.125x10^10 vp),Protected,Total Protection,Med NAb,73.23117109,31.22327463,114.4658275,8.0375,4.7825,18.05,34.48374,24.53842,54.9632525,73.179665,1037064.75,3617.75,785695.75,33020.75,4859.5,1206735.5,4102.75,962421.75,5013,923059,963382.75,12534.75,702846.5,5127.75,831673.75,63548,994465.5,205602,3183.5,453399.5,93144.25,2661.5,59071.5,7104.75,3422.25,101387.25,3630,67272.5,4196.5,72404.5,80950.75,8287,67009.5,3119.5,72958.25,19417.75,84513,32804.75,2972.25,43316.5,85671,2743.75,58763.25,5882.25,3195.75,100644.75,3712,60815,3654,64282.5,79373.5,7803.5,64129,3096.5,63823,16605.5,81961.5,29581.5,3038.25,40409.75,88281,2633.5,56327.5,7238.25,3213.25,96552,3614,60253.5,3758,44266,89351.5,6521.5,67206.5,3071.5,66783.75,14788.5,70786.25,30726,2812,36781,88127.5,3346.75,64768,13974.75,3711.5,117524,3810.5,78871,9056,76595.75,86476.25,7802,68202.5,3493.5,67457,16585,89937.5,30684.5,2958.75,47575.75,93453.25,85269,275326.5,358207.5,32760.5,606022.5,256590,347947.25,1169340,190434,121480.75,212046.5,124315.5,28520.5,165312.75,174562,93358.5,425884,206231,166909,436979.25,3498,234918.5,40239,3661.75,807170.5,4232.5,402716.5,8152,200060.75,496401,5200.25,315006.5,3500.25,181406.5,11407.75,469418,7502.75,3389.25,30284.5,321287.5,2941.25,209864,38176.75,3745.5,746634.25,4169.75,272969,7011.25,196937.75,458992,4030.75,195771,3343.75,139161.75,8182,395113,7251.75,3272,22689.75,35747.5,2616,28811,37011,3029,410281,3637.75,31533.5,5395,21395,100469,3533,44259,2897,20747.5,5210.25,84406.25,4386.25,3101,4183,369818.5,3120.5,286809,107738.25,3498.25,872421,3824,238067.25,8971,160179.5,334974.5,4445,249535.75,3198.5,164560,10992,321566.75,10557,3190.25,31957.5,332700.75,3012.5,232327.75,193810.5,3655.5,620330,4132.5,299403.5,8430.75,231074.5,316288.25,4446.5,195588.5,3407.25,206797.75,13293,330670.5,29231,3187,80972.25,73.46688278,96.25222451,34.06046957,38.11847592,11.02293169,1991.907816,1342.603199,1147.033648,688.2830233,2107.953387,236.9685248,239.9160764,190.1131896,185.1586919,204.8942868,131.1507115,308.838222,184.6617089,124.8574683,143.6617868,15.52404,15.781095,13.905805,13.75507,13.33703,1.89432,8.798055,13.876105,5.074285,10.984125,7.94,6.92,6.45,2.675,5.565,6.735,6175,5
13,15-108,III (1.125x10^10 vp),Not protected/only protected BAL,Partial Protection (BAL only),Low NAb,69.085862,13.24646861,75.842835,6.2375,1.97,11.365,18.2597875,19.5427175,44.6017675,39.4256325,553134,3684.75,315307,70278,5427.5,618549,4721.25,412552.25,4756.5,343665,367356.75,7579.75,270732,5866,323281,16772.25,370384.75,9650,3050.5,224763,55308.75,2880.75,35952.5,9008.5,3445,65355,3788.25,43794,3693.75,36266.5,51275,5692,35817.25,3266.5,35576.5,12364.75,44809,6969.25,3033.25,22942.5,59675.5,2647.5,37660,9169,3350,72336.75,3565,49061,3628.75,37134.5,54632.75,6102.5,39688.75,3030,40860.75,11373.75,48296.5,7157.75,3063.75,24042.75,50017.5,2682.75,36458.75,6943.5,3209.5,63923,3713,42444.75,3886.25,35091.5,52976.5,5372.75,33683,2933,33911,11469.5,46702,6827.5,3032.25,22319.75,59108.25,3255.25,40694.25,21803.75,4032,79478.75,4540,50753.25,9200.5,41419.25,53923.25,6418.5,42091.75,4074,40930,13473.25,51888.5,7891.25,3065,24467.25,141606.75,76547.5,409893.75,414317,34586.25,856182,369120.25,275504.25,1326727.25,296681.5,184147.5,332591.5,222049.5,37226.75,222443.75,307309,175624.5,495345.25,379098,213103,45521,3877.25,33733.5,27846,4527.5,324716.5,4121.5,35669,10823.5,14666,104964,5041.5,27541,4435.25,14827,8438.5,34603.25,5100,3251,5728.75,58997,4165,39310.25,32321.75,4556.75,329917.5,4500.75,49903,11393,19072.5,101377.5,4973.25,34351.75,4707.75,20053.75,7448,36936.5,5331.25,3285,6684.75,5804,3094.75,14683.5,33414.5,3584.5,96222.5,3975,6745,5988.75,4523.5,23319.75,3928,8652,3335,5339.5,5997.25,5308.5,4633,3089.25,3843.5,116025.5,4025.5,85680.25,108940.5,4756,422330.5,4833,120731.5,16314.25,39651.25,169308.25,5572.75,49805.75,4266.5,43747.75,9211,80722,5431.5,3522.75,11564.5,70989.5,3471.75,57453,286138.75,4156.5,261708.5,4021.5,50290.5,9444.5,37847,90107,4877,41950.25,3490.5,33439.25,8133.25,41226,5572,3053.25,15644.25,57.01118768,55.02024501,60.85722904,40.65515368,42.3857966,260.2480292,1044.922881,842.9880862,46.80307692,828.8476966,246.1499117,205.9435802,233.4193479,195.1270836,212.6110017,68.32449944,194.2566458,206.7331303,89.39022405,105.8118704,21.16575,33.29956,31.55716,29.744,25.835625,4.94611,10.42003,26.31573,11.035395,22.70548,7.565,4.875,6.41,5.01,7.86,8.74,2261,35
14,15-114,III (1.125x10^10 vp),Not protected/only protected BAL,No protection,Low NAb,95.16895193,20.7826838,97.4432875,7.4975,1.6825,11.965,24.8799275,15.34009,39.22737,61.86856125,403104.75,2946.75,387064.5,18618,3436.5,753520,3902,500977.5,14415.75,722431,394543.25,5996.25,189550.5,3709.5,632846.5,27215.75,395786,15395.75,3031.75,635857.75,58262,2616,54897.5,4740.5,3258.25,91259.25,3575.5,56945.5,6529.5,68880.5,54997.75,8251.25,42328.75,2901.75,78211.5,17733,46465.25,11321.5,3001.75,68552.25,60798.75,2653.5,46342.75,5267.75,3075.5,77233.5,3560.5,54890.25,6189.25,67167.75,55076.5,6796.25,41885,2831.75,68159.25,16024.25,55432.5,10909.5,3040.5,62413,61708.5,2553.5,48513.5,5416,2982,76990.5,3527,47795.75,5944.25,66133.5,49722.75,7170.5,31992,2777.75,71947.25,15991,47415.25,11671.5,2984,54686.75,64666.25,2749.5,49666,12233.25,3284.75,91283,3637.75,59407.75,8637.25,68818.25,54258.25,7460.75,38302.5,3330.75,68111,14116,59416,11512.5,2974.25,63515.5,133872.25,140930,408076,306788.5,39421.25,563918,85255.5,220977,1430081.5,241502.5,233353,417058.5,197459.5,40276.25,194129.25,297707.75,140691,335495.25,173229,143864.25,43503,2855.75,105526.5,16574.5,3195,623054,4063,120171.75,8186.75,305632,128465.5,3766.75,15285.75,2800,238858.75,9311.25,52401.75,4303,3112.5,214856.5,56308.25,3090.5,104796,14509,3210,541781,4015.75,84333,7597,262130.25,97361,3584.5,19070.5,2941.5,242818.5,6847.75,81587.75,4511.75,3057.5,238958,6104.5,2565,19925.25,10770,2904,220866,3650.75,8861,4853.25,69111.5,28219.5,3457.5,6240.5,2779,68920.25,5073.25,6757.5,4397.5,3006.5,65524.25,129593,2865,215971.5,42941.25,3446,604639.25,3842.75,198082,12687,389540.5,200860,4225,52276.5,3241.5,356826,8325.5,102758,4767.5,3007.5,347639.75,101980.5,2869,105188,127033.75,3401.5,411840,3764.5,103839,14484.25,236838,82753.75,3964.5,42325,2844,212546,9043,73286.25,5434,3133.5,249468.5,98.1857549,93.07906085,46.10349211,54.91676019,22.65358638,414.3306443,1240.103528,418.1894495,68.26542188,732.2014146,262.7683263,230.8596777,229.0768777,200.4642283,204.4046719,123.2481449,258.7148074,197.4603882,101.383127,142.1175469,16.943925,16.8705,17.976825,16.38976,13.88531,1.90639,7.5192,16.262625,5.16695,11.111225,6.085,6.68,2.435,3.755,8.97,5.065,3067,15
15,15-169,IV (2x10^9 vp),Not protected/only protected BAL,Partial Protection (BAL only),Med NAb,55.88137497,12.3390296,63.07631,7.3025,2.185,13.7375,12.49617,32.7768725,18.4443275,21.14364,762953.25,5029.5,382206,53847.75,6677.25,1169766.5,4486.75,749522.5,9386.75,515223,1103225,4936.25,817585.5,8194,443907.5,11190.5,906373.5,6131,3146.5,122071.25,63907,3010.75,47699,11366.25,3587.25,91689.5,3680.25,47186.5,4683.25,33594,78319.75,4111.5,45804,3300.25,29623.5,7105,52865.5,4619,2896,15292.75,62974.75,2841,42343.5,9256.5,3465.75,83983.75,3455.5,51540,3946,40123.5,72603.25,4005.5,48199.5,3319.25,31026.75,7259,54769.5,4617.5,3039.5,13981.75,60793.75,2916.25,50524.5,10740.5,3481.75,97222,3732,59030.5,4325,40828.25,81068.5,3971.5,39835.5,3266,30217.5,7195,65740.25,4532.25,2943.75,15883,66970.5,3178.5,52112.25,20926,3981.5,102513.75,3882.5,53380,9260.25,38956.5,85125.75,4153.75,51280.25,3860.5,33203.25,7122.75,59504.5,4986,3120,17152,157828.25,99529.25,446784,390226.25,56794.25,451252.75,268212,262260,1192414,316555,214522,533820.5,259286.5,64977,291620,419231.75,129593,579753,219448.5,328118.75,378909,4922.75,85724,51117,6158.25,773736.5,4660.5,344731.25,14100.75,136712.25,733190.5,5109,406759.5,6111.5,68397,7527.25,366568.25,5196.5,3580,5079.5,330066.25,4376.75,91030.75,36764.5,4973.5,753607.5,4492.5,237796.5,16166.5,109587.5,585014,5207.25,277296.5,5078.75,52965.25,6958.75,349075.5,5333.5,3424,5024.75,54135.5,3663.25,40944.75,50045,4000.75,621757.75,4340.25,56673.25,7213.25,15339.25,480687,4704.75,208380,4393,13078.5,5813.5,149782.25,4632.5,2989.25,3485,244871.5,4646.25,167717.25,126289.5,5916.5,787338,5050.25,260462.5,22292.75,148443.25,621018.25,6282.5,437062.25,5921.5,61528,7531.5,310061.25,5634,3454.5,6550.25,306907,4376.5,124773,269743.25,5881,662189.5,4959.5,261103.75,12758.5,170649,483925,5463.25,395530.25,5921.5,143414,8186.5,305958.25,5567,3472,15836.5,24.68141157,27.11588411,33.23865825,30.71508502,14.86979128,145.0778378,271.4372557,252.5571,29.0224,329.0409091,156.1447984,203.9106018,187.2143258,185.6793983,166.0528791,41.7040566,226.4160362,132.2940484,55.17615709,88.2066004,13.44905,17.389635,15.81328,14.88703,12.90301,1.92523,5.555885,11.496265,2.70768,6.676215,3.57,3.615,4.24,3.15,10.495,11.835,5358,5
16,15-171,IV (2x10^9 vp),Protected,Total Protection,Low NAb,67.51727522,9.718487077,66.67391,5.7275,0.5175,7.9875,15.6551975,21.84607,23.0049625,40.28234375,405972,6495.75,140584.25,33229.5,10789,435166.75,4709.25,303574.5,12919,246974.75,454921.5,6734.75,138363.5,11960.75,147133,14318.5,376148.5,12826,3348.25,111964.75,44123,3037.25,20045.25,6118,3749,44029,3588.5,30699,4545,25751.75,43814.5,4772.5,28584.75,3600.25,27182.5,8550,46273,8124,2974.75,16717,38994.75,2919.5,20853.5,5514,3498.25,43950.5,3726.25,28294.25,4210,25073,38899.5,4341,25631.75,3243.75,20544.5,8773,41029.75,7257.25,3002.5,15697.5,44000.5,2935.75,20844,6632.75,3496.75,44515.25,3611.75,32551.75,4551.75,29175,43280.5,4974.25,28472.5,3200.75,23782,9498.5,42630.5,7246,3079.25,18341.5,42722,2882.5,20802,5965.5,3476.5,46721.25,3737,30831,4089,26816.5,44374,4557.5,29390.25,3332.75,26996.75,9236.5,44380,7793,2963,18173.5,134703.5,104686.5,339151.25,657407.25,54821,591597.5,199356.25,254076.5,1063753.25,239720.5,286425.5,216678,289453,47805.5,208403.25,179444.5,238862.25,353135.5,233721,157826.25,27805.5,7921,21490.75,141974.25,7541.25,270156.5,5989,18000.5,52305,10036,202767.25,7014,59708.75,7613.5,8804.75,14887,66749.75,5868,4759,8028,29701.5,5567.5,12812.5,48236.75,6225.75,216590.5,4573,22616,29766.25,13054,130044,4991,47428,6570.25,8174,9321.5,62419.25,5719.25,3571,7308,4335.75,4057.5,8109.5,66334.75,5101.25,37940,3986.75,5840,13237.25,4689.25,26833.75,4515.75,11471,5132.25,5479.5,7383.25,6319.5,4780.5,3198,4460.5,88043.5,6955,24934,124016.75,7601.75,421759.5,4956.5,58716.25,45947.5,33153.5,284943.75,6393,134426.75,8803,14340.5,11502,149441.5,5675,3941.75,12276.5,75703.75,4260,24533.5,250309.25,7063.5,268873,4422.25,50654.5,29700.5,36303,175225.5,5836.75,67477.75,6792.5,24256,9078.25,80755,5876.75,3547.75,15184,19.59347247,25.67214818,16.19152142,17.66848187,20.63543542,234.6463636,519.3114017,303.5558607,106.0141875,487.2169355,173.2366929,218.7503838,178.4475141,194.0191921,156.154796,72.98450788,171.754916,164.3110175,69.42482068,89.25237764,18.314025,18.201685,19.7782,18.477635,17.27559,1.49674,5.654585,16.757435,4.9204,11.803275,1.735,1.935,1.98,1.29,6.295,12.96,2534,0
17,15-173,IV (2x10^9 vp),Not protected/only protected BAL,Partial Protection (BAL only),Low NAb,74.46560827,11.67396065,74.9430075,6.075,1.135,14.4725,14.8988275,24.84478,22.6174325,34.08554875,543555,4283.25,246634,36804.5,6433.75,768935,3933.75,418739.25,5918.5,350731.75,718625.5,6738,424834.75,6824.25,295422.5,18648,544166.5,7174.5,3128.5,94768.5,51688.75,2848.5,35848.25,6944.5,3641.25,61253,3686,39821.75,3775.5,35715.25,62595.25,5164.75,44714.5,3330.25,32288.75,10900.25,55573.75,5868.75,2899,18730.5,49317,3145.75,32120,6591.25,3520.75,58761.5,3617.25,35628,3822,30994.5,60777,5060.5,43003.25,3415.5,28665.5,10955.5,49701.5,5657.75,2933.5,17209,41892.25,2839,33150,5602,3348,63093,3517.5,34205,3803.5,30365.5,59113,4950,37544,3233,25361.5,10418.5,51253.75,5587,2924,16205.25,52289,3689.25,39015,19353.5,4818.25,65646,3987,43028.25,7641.5,39478.25,66486.5,5463.75,44499,4714.75,36114,11039.5,55672.75,6798,3210.5,19728.75,191208.25,82257,338456.25,274793.5,29538,663235.75,142908.5,273693.75,1158410.5,260989.25,320191,448328.75,342938.75,29282,235610.5,306499,165491.25,503597.5,217562.5,155887.5,98766.75,3230,168595,37139,3541,475888.75,4020,50813.25,10082.25,16259,300943.5,3968.5,78129,3789.5,9551.25,7539.25,108960,4420.5,3182,3913,117041.5,3076,216352.5,33016.75,3695.5,436705.25,3962,60523.25,9467,19445,293537.75,4132.5,96629.25,3663,14657.5,6586.5,115721.25,4791,3111.5,4180.5,13738,3058.25,145765.5,35395.5,3541.5,193980,3969,8480.5,5774.5,5130.25,147973,3765.75,17878.25,3431.25,5772,6364.5,15491,4609.5,3107,3415,230309.5,3505.25,433893.5,98418.5,4012,632521.5,4202,156085.5,12749,84243.25,418724.5,4949,197475,4203.75,43363.25,8163.5,265767.5,4739.75,3202.75,6393,109281,2934,129956.5,176633,3698,336350,3503.75,85004.75,12726.5,51026.75,215945,3949,91127,3372.5,38498.5,8521.75,99944.5,4638.5,3084.5,9397.5,20.09143854,17.92782109,15.53378353,12.70826073,8.307673122,264.7617814,668.3691703,374.5974057,196.5341803,301.0427807,208.4577123,292.4678897,242.5870279,221.1749365,188.8762354,60.67060514,174.5538775,184.4181454,66.39498059,105.9580877,16.736675,18.195935,21.231185,18.62758,16.411305,1.379755,6.362635,12.82477,4.97,11.951565,2.505,4.865,3.145,1.715,2.335,8.54,2476,85
18,15-118,IV (2x10^9 vp),Not protected/only protected BAL,Partial Protection (BAL only),Low NAb,75.6701715,12.93361346,76.7961525,7.195,1.8825,13.3475,21.2026275,18.3214025,27.9333775,50.1779925,655863,3784,323186,54149.75,5529.5,1013375.75,3852.5,586754.5,4964,450274,726460.25,5927.75,430666.75,6436,450917,23474.5,593731.75,39434,3190.5,209060.5,52219.75,2821,32239,8980,3327,83057.25,3667.5,45460.5,3886.5,39947,69943.75,4889,44618.75,3113.5,35966,12464.25,49406.25,12965.5,2969,23103,62536.75,2693.5,34504.25,7761.5,3436,87284.25,3635.5,51403.75,3706.25,40661.25,68007,5530.5,45134.5,3042.25,44321.75,12053,57796.75,14926,2915.75,22388.25,50448.25,2766,30528.5,8049.75,3305.5,82477.75,3493.25,44371.25,3591,31753.5,68376,5182.5,43014,2988.5,38422.5,11102.5,48921.5,12812,3030,21512.25,54450.25,2689,32464.75,7339,3301,89598,3485,48765,3630,36658.75,72861.75,5331.75,46221.75,3045.75,41515,11484.75,64120,14546.75,2934,21749,93233,27540.5,415369,179911.5,15904.75,398418,98979.5,149313.75,1038098.5,127156.5,149516.5,124416.25,98429,15618.5,95041,92136.25,66038.25,339580.5,113762.75,65272.5,123048.25,3427.25,29785.5,56102,4180.5,766887.25,4181.5,114919.25,8339.5,31686.5,312807.25,4753.5,85692.75,4367.25,27779,7222.25,132477,5139.75,3295.75,5240.25,157929.5,3190.25,32175,50327.5,4100.5,629782.75,3800.75,140732.25,8469.25,43001.25,264229.25,4005.25,62736.25,3974,39158.25,6606.75,119732.5,4928.25,3112.5,6617.75,10158.25,2945.75,12273,48041.25,3737.5,392788.5,3692,11838,5697.75,5643.75,105316,3951,19416,3286.5,5780,5609.75,15250.5,4371.5,3097,3788,312403,3494.5,99336.5,243197.25,4693.5,725824.25,3967.75,255477.5,8746.5,136853,409188.5,4698.5,202177,4602.25,114339,7482,200089,6579.75,3128,16695,131872,2793.25,50972,241023.5,3654,470593,3529,93702.5,7746.5,57818.25,192159.25,4274,96375.5,3379.5,60233.75,7218,102611,6248.5,3007.75,19047.5,15.42650491,12.1191348,15.64209344,10.52421561,7.000262508,328.7939474,804.1569309,421.4543284,173.4801183,449.6964045,180.3126623,233.5720883,204.4413695,221.3201636,189.659627,79.36472932,189.6591844,171.9709381,75.67575969,118.2194448,16.971405,18.852705,22.13152,18.474835,19.018605,1.423235,7.21957,15.810945,5.52002,12.46519,3.315,5.705,2.095,1.895,7.78,8.705,2550,40
19,15-140,IV (2x10^9 vp),Not protected/only protected BAL,No protection,Low NAb,68.78263857,2.00139952,52.4094475,4.6025,0.3,3.56,17.2333675,20.1325625,20.05382,28.86726375,135294.5,6551.5,71768.5,51107,10795.25,271156.75,4793.5,110120.5,455199,81028.5,209722.5,7177.25,76329.75,11898,60474.5,15008,144126.75,7940,3409,27735,26904.25,3168.75,15772.5,8513,3893.25,28782.5,3861.25,17773.5,40936.75,14992,31121,5937.5,20158.75,3669.5,14945.25,10112,29727,5454.5,3099.25,10335.75,31266.5,3088.5,16330.25,10740.5,3923.25,30523,3685.25,19208,36890,16110.75,33463,6413.25,22000.5,3759.5,16894,11110.5,32503.25,5723.75,2909.5,11165,25716.25,3017.25,16168.5,8999.5,3862.5,27772,3845,17094,36976,14234,32923.5,5641,20536,3507.75,15036.25,10488.5,28357,5181.25,3074.5,9704,24084.5,3344.25,17496.5,14128.5,4487.5,27687.5,4047.75,16023.25,47080,12543.75,27883.5,5333,19405,3894.25,13363,9743.75,25819.75,5397.5,3004.25,9436,174559.5,32790.5,165737,229702.5,19188,517789.75,80885.5,254859.25,596441,139471.75,252568.75,304937.25,282864.75,17868,108799,203851,111388.25,305640.75,93357.75,76508,4540.5,4330,20678.25,62272,4663.5,31154,4525.5,4808.25,250579,3996.5,18888,5099.5,9050,5062,5043.25,7688.25,6236.5,4795,3551.25,3537.75,5685,4177.5,17155,32911.5,4669.75,50980,4357.5,5559.5,251410.5,3978.75,22248.75,4530.5,9006.25,5219.5,4960.25,8068.75,6610.5,5064.5,3390.25,3462.5,4006.25,3694.5,21474.5,70359.5,3918.5,8048.75,4212.75,4394,52625,3355.25,8278.5,4189.25,5665.5,3731.75,4651.5,6535,3479,4871.5,3052.5,3271.5,11235.25,4433,25933.75,179047,5206,147031.75,4172.5,10433,433796.5,5780.25,57076.75,5481.25,18836.75,5950,6204.5,9413.5,22310,5338.5,3287.5,4050.75,26984.5,5100.25,28728.25,356278,6845.75,112361,4687.5,20220.25,289446,15190.25,64187.5,6808.25,27111.75,7818,14256.75,10538.5,33492,6036.75,3631.75,9531.25,8.444672477,7.005048956,11.17741788,9.268547701,7.945256558,74.03949367,201.6504251,186.3811207,80.135,183.6611111,156.0607304,222.8417967,191.5761322,196.021597,169.763546,64.10777526,141.3163429,156.7234105,61.98174789,85.10792896,14.89161,19.52599,20.86933,20.253705,20.597665,1.279955,6.82196,16.04451,5.520485,14.170025,2.435,3.78,1.795,0.77,2.195,10.085,1369,0
20,15-175,V (sham),Not protected/only protected BAL,No protection,Low Nab,40.29796946,0.015734027,22.4841225,5.2125,0.33,2.14,12.8406625,16.5983175,17.44195,22.22073625,3813.5,3313.5,9838,153036.5,4399.5,3598.5,3831.5,3919.5,4549.75,3499,4771,3336.5,4432.75,4300.5,4791.25,4884.5,3143,4946.25,3002.75,3494.5,3982,2828,5442.5,15845.75,3346.5,3156.75,3582.5,4093.75,3489.25,3300.25,4269.75,3251.75,3941,3060,4744.75,4667,3149,4411,2956.25,3196.5,4181.25,2701.5,5194.25,15729.5,3217.25,3519.25,3837.75,4175.5,3879,3492,4454.5,3167.75,3747,3123.25,4620.25,4547.5,3585.75,4473.5,3047.5,3362.5,3807.25,2526.75,5355.75,14806,3265.75,3358,3451.5,4008.25,3605,3600.25,4263,3479.75,3605.5,2911.75,4549.75,4420.5,3159.25,4267,2843.25,3320,3938,2975,7136.25,32913,3797,4688.5,3816.75,4068.5,6423.75,3796.75,5483.5,4024,4935.5,3672.25,4622.25,4739.25,3414.75,5058,3090.25,3793.75,15380.25,46595.5,207395,642977.75,22639.75,774888.75,75614.75,209193.5,1161921.5,196175.25,88476.5,249657.75,120898.25,20578,100359,184396.25,29545.5,434914,155366.25,102209,3841.5,3407.25,46301.25,40225,3806.5,4303.25,3965.5,4239.75,7277.5,3368.25,5481.25,3980.5,4629.5,3672.5,4670.5,5856.75,3109,4629.75,3288.5,3263.5,3806.75,3244,32146.25,33472.5,3674.75,3933.5,3812.5,4122.25,7324.75,3419,5819,4534.25,4856.5,3926,4723,5861.5,3170,4617,3250,3376.75,3871.5,2939.75,43336.5,42663.25,3411.5,3792,3664.25,4080,4533.25,3596.25,4867.25,3780,4201.75,2891.5,4550.25,4914,3236.5,4621.5,3037.75,3370.5,3889,3739.25,34837,253669.5,4006.5,4989.5,3935.75,4199.5,9345.5,3469.25,6279.5,4045,5100.5,4354.5,4670.5,6451.75,3136.25,4868.75,3196,3430.25,4008.75,3417,22470.25,401123.25,4264.75,4618.25,4005.5,4105.5,7777.25,3688,5602.75,3926,4591,4326.5,4834.5,6533,3357.25,4841.5,3092,3407.25,9.934867763,7.866597719,14.78393478,14.23909091,6.551074894,38.43453237,39.92121535,93.02168297,92.76895522,103.5034483,171.8682695,192.1449715,196.1905207,208.225135,175.2682501,42.5356142,150.4638439,150.999744,51.61570161,87.61643209,15.21938,14.65358,19.580635,16.49985,15.72264,1.34147,6.384075,14.152005,5.79531,10.361885,0.595,2.925,1.675,1.605,3.675,8.72,44,0
21,15-179,V (sham),Not protected/only protected BAL,No protection,Low Nab,38.96408916,0.020556573,15.3623,4.14,0.4075,2.35,17.542495,18.555295,21.595915,29.85499,3883.5,2994.5,20781,75941,3753.5,3495.5,3619,4131,55807.5,3286.75,4496,3429.75,4211.5,3439.5,4764,4848.25,2844.5,4493,2990.75,3362.5,4033.5,2774.25,8242,13677,3134,3373.5,3514.5,3920.5,5467,3225.5,4176.25,3299.5,3726,2924.75,4590.5,4450.5,2983.75,4404.25,2993,3394,4154.25,2603,8883.75,9473,3064.5,3403.75,3472.25,4256.5,5380.25,3499.5,4227.75,3333,3681.75,2851.5,4877,4571.25,3062.5,4302,2999.5,3350,5080.5,2611,9106.5,14016,3158.25,4768.5,3520,4639.75,5147.5,3739.5,6629.25,3137,4282.5,2824.75,4863.5,4785.25,4166.5,4559.75,2842.5,3465.25,3972.5,3127,12235.25,18685.75,3709.5,3944.75,3899.5,4251,24361.5,3627,4779.75,3431.75,4489.25,3433,4764.5,4948.5,2907.5,4810.5,3178.5,4136,19891.25,37327.25,388632.75,609712,24342,798117.5,118814.5,183965.5,1233353.25,108979.75,121894.5,238102,138587.75,28023.5,78693,164416.75,66311,355289,96301.25,94207.5,3703.75,2919.5,29642,30754,3556.5,3911.5,3841.5,4026,14616.5,3278.5,5903.5,4408.5,4885.25,3490,4718.75,5440.75,2992,4462,3245.25,3191,3787.25,3021.5,28059.25,19676,3689,3342.5,3631,4060.75,16221.75,3576.5,5492.5,4122.25,4598,3599.75,4670,5804.75,2918.5,4572.75,3252.25,3400,3800,2656.75,30812.5,29536.25,3142,3629.5,3494.75,4012,5102,3226,4500.5,3525.5,4098,2921.5,4444,5275,2923.75,4264.25,3070.5,3062.75,3854.5,3496.75,40386.25,181090.75,3979.5,4459,3839.5,4184,47001,3516.25,5732.5,4055,4917.5,4035,4639.75,6496.5,3072.5,4761,3119.5,3250.5,3877,3568,27122,263833.5,4204.5,4579.75,4017.5,4199.75,37748,3568.75,5965.25,4291,4992.75,4529.5,4565.75,6162,2960,4989.25,3251,3396,14.44622348,12.40384256,26.82560291,16.93303225,12.76237119,27.87380859,59.51812243,135.5735928,45.4326506,75.03978462,177.1419283,225.4395814,214.532365,180.1973543,181.6386013,30.91019558,140.4100991,173.9087686,53.33461777,91.12060991,25.817775,41.53621,58.6743,56.105235,45.640015,4.905,10.711635,23.148785,11.243235,19.41916,2.56,4.435,6.845,2.74,7.67,5.115,25,0
22,15-183,V (sham),Not protected/only protected BAL,No protection,Low Nab,43.84655126,0.022953298,21.232815,6.9825,0.45,4.03,14.2132425,17.67867,17.86152,23.4592925,3814.5,3438.25,18429,45929.75,5088.5,4105.25,3772,4145.75,5474,3889.5,5055,3662.5,4820,4920,4960,5530.25,2961,5209,3197.75,4051.75,4069,2835.5,8050.25,10616.75,3359.5,3592.75,3461,4259,3979.25,3728,4178.75,3436,4210.75,3394.5,4862,4714.25,2968.75,4577.75,3060.25,3706.25,3828,2642.5,8008.5,8189.5,3327.5,3672,3585.75,4177.5,3953,3752,4275,3237.25,3984.5,3210.25,4819.5,4753.75,2969.5,4395.5,2933.5,3641.5,4333.5,2704.5,8361.5,7084,3287,4169.5,3429.5,4353.25,4049.5,4002,4422.5,3302.75,3845.25,3011,5198.75,4596.5,3212,4400.25,2911.25,3776.25,3784.75,2846.75,7593,7928,3174.75,3442.25,3347,4302,3560,3877.25,4115.5,3423.25,3723.5,2939.5,4769,4559,2827.5,4380.75,3024,3532.5,31628,57857.75,255650.25,511196.75,24056.5,803124,114048.25,162692,1200682.25,243195.25,149682,205377.5,93259,19594,125624.5,133913.5,61227,423766.5,130136,126176,3880.5,7765.75,40086.75,87928.75,10189.75,6197.75,4918,4350.5,13505,4744,8144.5,7181.25,9024,14486,5557.25,8924.5,3853.75,6068.5,3765.5,4584.75,3943.5,6535.75,25967.75,72314,8732.75,5864.75,4229.5,4177,11525.75,4306.75,9527.5,5582.5,7974,10574,4974.5,8629.5,3418.25,5941,3508.5,4195,3821,3433.5,19598.5,69981.5,4858,3928.5,3755.25,4257.5,5661.25,3288,5793.5,4098,4649.5,5155,4762.25,5960.75,2987.5,4920,3090,3422,4444.5,8107,23653.5,217714.75,11212.5,13288.25,5148.5,5540,25120.5,5552,10986.25,6710.5,9590,13866,5774.5,10771.75,4244.75,7655.5,4082.25,4618,4281.5,8125.75,25873.5,358404.5,11608.5,8372,4881.5,4777.75,10733,5953.5,9303,6480,8282.75,15807.75,6267.25,8181.5,3783.25,7105.25,3811.75,5570,20.56042412,13.39010876,25.56870311,19.35187532,7.531384658,68.69196429,49.50992268,199.5853659,86.5353125,120.3281879,147.8570828,185.8348188,190.0170242,173.9610847,144.6328552,42.55134235,171.7833162,129.2952836,50.32396142,73.89011028,12.052065,12.7559,18.3028,13.5702,17.03443,0.988575,6.819495,12.715065,4.63548,9.69252,1.94,2.265,1.085,3.405,4.03,6.31,25,0
23,15-146,V (sham),Not protected/only protected BAL,No protection,Low Nab,30.98664142,0.074792029,19.7797475,4.995,0.4575,2.765,12.023225,14.6567325,38.637825,21.81944875,4017.25,7602,16427.75,49567,14925.5,5097.5,6301.25,4427.5,475164.5,6154,17813.25,5239,14797.75,17720.5,8186.75,6974,3505,8362,3684,6470.25,3981,2986,5463,7338.25,3868.5,3369.5,4404.25,3966.5,28367,3705.75,5399.5,3623,4858,3827,5512,4914.5,3177,4704.5,3077.75,4015,3807.5,2891,5645,9901,3736,3291.5,4554.5,4264,39399.5,3588.75,5464,3608,4590,3640,5372,4946.25,3093.5,4816,2984,4312.75,3799.25,3050,6099,10359,3838,3508.75,4785.75,4195.5,34431.75,3831.75,5657.25,3688,4547.25,3833,5835.25,5079,3102.5,4342,3021.75,4210.5,3937,4642.25,11783.5,27888.5,5709.25,7373.25,6080,5098,89725.5,4680.25,9968,4340.5,7594.75,5626,6645.75,5476.5,3252.5,5513.75,3316.5,5551.25,13671.75,36769.25,329645,280733.75,15332,651775.25,144079.75,156369.25,819267.5,148679.5,348659.5,188014.5,268679.75,14381.25,93024.5,146415.25,50190,349565.5,107543,95265.5,4059,7158.25,45739.5,37588,10411.75,8507.75,5212.5,4483.5,433379,5254.75,24983.25,5479.5,18286,12728.5,6206.5,10169.5,3806,6758.25,3606.5,4674.5,3926,8615,44520.25,44002,12105,8912.25,5420.75,4611.25,441285.75,5155,26829.5,5530,19339.5,16366.5,6167.5,10348.75,3418.25,6231.25,3467.25,4589.25,3998.25,4455.5,35310,49711.75,6561.5,5457.25,4534.5,4364.25,242603,3840.75,12361.75,4191.5,10874.25,7348.5,5016,7335.25,3140.75,5269.25,3399.75,3618.5,4382.5,9242.5,44058,142085.5,12696.75,13584,5848.75,4679,611515,5527,41884.5,6723.5,29299,14156.5,7155.75,10855,3581,7608.25,3461.25,5383.5,5199,8933,36642.5,209013.75,12281.25,14086,7106,6009.25,276331.25,8362.5,29899.5,6354.5,29344.75,15429.25,13635,10968.25,5044.5,7731.75,4629.5,9063,20.12594595,17.92754733,22.90576923,31.75105505,20.35556018,64.79773228,47.1718568,197.104,131.8744762,161.2033333,139.6537784,146.1366485,139.8311941,169.5558179,149.583828,40.40509496,217.4533107,172.0984508,51.23730193,69.37847172,13.30888,14.73114,21.38235,18.28589,20.362215,1.16477,6.579505,13.31427,5.10847,8.499365,1.545,0.58,1.59,1.545,3.04,3.925,28,0
24,15-148,V (sham),Not protected/only protected BAL,No protection,Low Nab,30.4560636,0.020172276,20.806215,3.355,0.13025,2.185,10.455565,14.36247,13.7890525,20.85735375,3922,4839,5742.5,24402.5,7503.5,5320.5,4243,4583.5,6863.5,4364.5,7369.75,4112.75,7111.5,8316,5487,6171,3533,6115.25,3309.75,4348.5,3828.5,3118.5,4714.5,5938.75,3820,3662,3880.75,4051,4454,3426,4869.75,3443.25,4185.5,3530,4826.5,4564.5,3122.5,4389.5,3106.5,3637,3844.25,2961,4633,5644.5,3740,3375.5,3641,4204.5,4163,3355,4737.5,3303,4197,3177.5,4531.25,4558.5,3295,4370,3056,3434,4040.25,2731,4648,6260.75,3384.75,3838,3668.75,4258.75,4149.5,3505.25,4580.25,3464,4197.5,3276,4634.5,4688.25,3240.75,4479,3014.75,3722.75,4585.5,4127.25,73708,16825.5,5610.75,7511.75,4898,5008,13862.25,6281.25,7669,4002.75,7068.5,5300.75,7559,5495.5,3722.5,5859.25,3208.5,8273,126750.75,36723.75,331501.25,501620.5,27306,1088307.5,255718.5,293224,1352516.25,359166.75,285556.75,273087.75,282136.25,23177,231839,191169.75,153454.5,669527,130820.5,210530,4461.25,7117.75,11029,41606.25,9299.75,7140.5,5644.75,4706,14619,4339.25,9965.5,5901.5,8404.5,9801.75,5334.25,8593,5049.25,6180,4634.5,4180.25,4521,5862.25,8652.5,40093.5,8866.5,8372.5,4703,4680,11382.5,4499.75,8969,5957.75,8230.5,10371.5,5823.75,8605,3831.25,6221,3718.5,4398,3869.75,3202.25,5881,27335.5,3958,4370.5,4071,4093.25,5884.25,3459.5,5438,3582.25,4635.5,4469,4815.75,6324,2913,5013,2971,3433.75,4381.75,5766.5,7890.25,103827.5,8820.75,10350,4962.5,5118,13491.75,4782.5,11064,5774,10009.5,10726.5,5641.25,8584,3550.25,6873,3641.25,4384,4068,4742,6618.75,128894.5,7854.5,6912.5,4520.5,4194.25,11735.25,4323.75,7977.75,4386.75,6586.5,8560.5,5384,7536,3282.75,5739,3402.5,4002.5,10.30967808,14.44883594,26.35855052,20.63224233,13.31847435,54.72016035,45.60525417,117.6560227,105.0254749,82.05418868,143.6153327,169.2429039,222.2647112,160.08223,175.0263775,44.39566675,191.488032,155.0154726,46.20907787,84.17421908,9.79258,11.11903,16.36761,13.409625,13.76195,0.7989045,6.74822,9.922705,4.444365,6.47823,1.715,3.98,3.515,2.135,5.17,2.155,25,0
25,T434F,V (sham),Not protected/only protected BAL,No protection,,36.05967192,0.032350731,29.0586025,4.175,0.435,2.835,14.212015,20.565705,15.1641375,31.627965,4029,5440,7053.75,47570.25,7904.25,15187.25,4190.25,9553.5,159416.5,160466,6924.25,4618.75,6980.5,8523.5,173179.5,6410.75,3216.75,6347.75,3280.25,234285.75,4305.75,3104.5,5288.5,9762.5,3642,7936,3557.5,7162.5,19329,33233.5,4315.75,3434.25,4125.25,3602.75,35736.75,5100,2902.5,4700.5,3075.5,45666.5,3654,2874,5205.5,6825,3499.25,7076.75,3674,7489,16504,34779.5,4347,3321.5,3864.5,3378.5,39651.75,4840.25,3049.5,4699.25,3152.5,38459.75,3969.25,2927.5,5645.75,8483.25,3564,7571.75,3536.25,7060.75,19132.75,34712.75,4248.25,3528.75,4224.75,3448.75,39869.5,4833.75,2827,4561.25,3030.75,46238.5,4112,3320.75,6112.5,20388.25,4222.25,9245,4133.25,7051,34497,35509.25,4913,3870.5,4460.75,4119.75,38878.5,4810.25,3285.75,5132.5,3338.5,48815,24572.5,47639,225240,260797.75,42285.5,688745.5,184394.25,172961,712843.5,213694,124015.5,196516,109374.5,46420.5,152584,205927,171698.75,279310,194838,112353.5,3983.75,6135,8536.75,40680,6314,17914,5291,4483.75,410536.75,12223.5,7471.5,5511,8484.75,8751.75,13638.25,12373,3911,6494.5,3997.5,31052.25,4585.25,8224.5,10172.75,73502.25,9426.75,22807.25,5625.25,5037.5,448088.75,90558.25,13403,7021.75,10900.5,10286,96256.5,9436.75,4618.5,7961.5,4313.25,141524.25,4283.75,3328.5,6212.25,45585,4314.25,9034.5,4503.25,4436,140988.5,5159,6437.5,4127.25,5407,4938,6026.5,6668,3124.5,5032.5,3054.5,5894.5,3925.25,5256.5,8941,143583.5,6949,18862,4450,4360.25,322850,50472.75,8149.5,4888.75,8061,7564.25,34910.5,7621.5,3539,5766.75,3458,59096.5,4079.25,6785.5,11740,166885,7863,24395,5275,5319.5,262838,74613,8676,6745,10346,8561.5,67689,8597.75,4355.25,6914.5,3963,82465.25,30.04028335,39.39123958,50.4963838,52.6445579,21.4092422,130.9335144,162.9796514,310.0251724,261.0157895,454.0173418,158.5714792,144.1966248,180.6007791,142.3700127,154.7147714,56.17460775,157.7457047,141.7162587,68.53122418,90.60172372,15.994625,16.43353,17.93302,16.27116,19.072975,1.2265,7.13825,15.44742,6.23004,7.70006,2.21,4.975,2.84,1.865,9.35,9.09,,
26,T435F,V (sham),Not protected/only protected BAL,No protection,,38.52571117,0.020201447,35.280905,3.495,0.2,2,5.28955275,11.147975,7.2184985,15.98002425,4669,8157.25,7461.75,21412,10317.75,14337,4905.5,7987.75,5428.5,111371.25,8913.75,5160,8291.25,11371.5,121822,6959.25,3721,7516.5,3586.5,160064.75,4143.5,3197,4947.75,7097.25,4220,7848.5,3742.25,7564.25,4070.25,25609.25,4340.5,3526,4453.75,4092.5,31405,4863.25,3087.75,4994.75,3058,36226,3770.5,3029.25,5131,6654,3890.75,8163.25,3929.5,6837.5,3722.5,24462.5,4657.5,3574.75,4228.5,3611.5,27641.5,4930,3168.5,5158.75,2989,33964,4076.75,3099.5,4955,6929.5,3969.75,9248.25,3863,8154.25,3634.75,30887.5,4726,3667.75,4376.75,3683.5,33181,4763.75,3101.25,4958,3164.75,40575.25,3819.5,3261.75,5478.75,9550.25,4657.25,7355,4091,6897.25,4547.5,23961.5,5032.5,3838,4635.5,4505.5,26442.75,5068.75,3233,5147.75,3215.75,31600.5,35221.5,53404,221420.75,360117,46195.5,773897.75,324803,150031,1156540.5,226297.5,220540.75,423332.25,277588.25,41410,156259.75,424271.75,434631,408983,397194.25,180985.75,4088.25,7927,8855.75,34747.5,6306.75,7573,5488.5,4329.25,15519.5,23390.5,13274,4417,9300.5,9025.5,19633.25,9362.5,4054.75,5577.5,3519.5,24416.25,4571,7026.5,7458,34103,9653.5,8224.5,4901.5,4920,13382.75,30402.5,7997.75,5039.5,7994.25,11084.5,35694.5,9292.25,3644.75,6248.25,3629.25,63913,3941.75,4069.5,6430,41043.25,5462.25,4733,4216.5,4388,7125,4039.25,6263.75,4694,4972.75,5099.5,5538,6449.5,3178.5,4952.25,3196.5,5648,3784.25,4576.5,6729.5,40202,8027.25,9097.25,4343,4420.5,13927.75,11258.75,7605.5,4905.5,7425.75,6663.75,15047.5,8337,3387.5,5899.5,3362,33696.25,3869.75,4262,5978.5,91518,7064,8762.5,4164.5,4395.25,10963.25,14340.5,6730.5,4660,6524.5,6540.75,17988,7630.5,3330.75,5543.25,3351.25,31430,10.71357413,19.95881235,22.58083196,33.95827037,13.26060767,66.0725,230.1199454,201.4233129,287.9130435,538.6623377,148.3356528,151.4303245,237.1192353,164.7815562,212.8824862,61.93150633,167.3165104,133.1231578,71.97608119,83.77325315,15.59584,15.878135,21.087315,17.118585,18.53622,1.143774,2.94143,9.16962,4.387375,7.64192,2.975,2.88,2.695,2.77,6.585,5.875,,
27,T455M,V (sham),Not protected/only protected BAL,No protection,,39.27383933,0.046273693,29.3314975,4.145,0.2575,2.8675,6.5225145,14.4193275,6.79188775,16.77331725,4601.25,5822.5,9073,86734,11690.25,12745.5,5202.75,7418.75,9262,95716.5,7797.25,5031.5,7058.75,13325.75,120604.5,7056.75,3862.5,6768.5,3470,185339.25,4032,3203,5912.5,11681.5,3996.25,6178.25,3648,5885,4288,27262.75,4445.75,3536,4065,3903.5,27705.75,4603.75,3041,4808.5,3042.5,35381,3961.75,2862.5,6098.5,10144.5,3843.25,5758.5,3643,5728.25,4140.75,21283.5,4691.5,3532.75,4150,3300,23434.25,4811.25,2929,4664.5,3041,27243,3922,2905.75,5540,12528.75,3687.25,12003.5,3824.25,10773.5,4304.5,71035.25,4387.5,3579.25,3976,3509,74810.5,4691.75,2956.75,4605.5,3166.5,101919,4333.5,3952.75,12091.5,40852,5846.25,9223,4602,6202.75,11353,32847.5,5290.25,4112.75,5466.5,6152.75,36692.75,5744,3762.75,5756,3388.5,52624.5,52698.25,60001.25,540565.75,380183,68418.25,869275,464640.75,293690.75,1362407.25,351112.75,348934.75,634519.75,489318.5,59706.75,220579,596725.25,802976,549251.75,613405.25,228182.75,4270.5,6664.5,13255.5,146046.5,5813.5,17498,5148.5,4860.75,18857.75,19562.75,10264,5586,9172.75,5706.5,14602.75,9004.75,4892.25,5680.5,3967.25,39583.5,4055,6915,11855,125209,7061.5,15317.75,5682,5050.5,21396.25,31858,8288.25,7595.25,7602.75,8188,20070.25,9185,4612.5,5526,3777.75,51940.75,4059.75,3078.5,7176.75,115851,3961,7084.75,4003.75,4244,10940,4629.5,5544,4102.75,5530.5,3921.75,5554.25,6500.5,3596,4606.5,3250.75,6612.5,3784.5,3927.75,11374,214905.75,4950,15285,4432.25,4630,20193,27230,6771,5154.25,6378.75,4980.25,28644,8735.5,3821.5,5386,3468.5,42945.75,3861.25,3407,8266,297165.75,5062.25,12815.75,4170.75,4805.25,15218.25,36547,6652.75,4609.5,6189.75,4981.75,27248.5,7058.75,3501,5302.75,3427.25,70499.5,12.61577463,20.90089418,28.20563319,40.12095652,9.165475878,94.34845188,134.6622553,177.1758203,239.7368807,219.5149441,192.4002087,188.3044609,218.9568173,193.1433786,194.285119,61.3982144,172.8361275,169.6373738,77.91789579,97.55814557,24.672825,23.874365,32.18268,25.456455,28.608405,1.81092,5.89904,17.07992,6.02909,11.041345,1.81,2.375,2.94,2.79,9.9,7.705,,
28,T458M,V (sham),Not protected/only protected BAL,No protection,,39.38189873,0.014769228,29.026675,4.3125,0.35025,2.39,13.70514,13.9366525,17.9276225,25.1671475,4203.25,4075.5,6755.75,39389,6456.25,3938.5,4434.75,4082.5,61991.5,4079.5,5724,3905,4962,6351,4951.5,5355.5,3586.5,5722.25,3134.75,3728.25,3959,2881.5,4860,10012,3594,3485,3704.75,4096,11323.75,3619.75,4375,3360,4208.5,3163.25,4868.5,4718.25,3229.25,4587,3073.75,3774,4183.5,2904.5,5049,9645,3603.25,3428.25,3653,3924.25,11052.5,3623.5,4545.75,3389,4073.75,3435.5,4786.5,4874.25,3107.5,4617.5,2922.5,3482,3922.5,2604,4981.5,8117.75,3474,3460.5,3812.75,4162.5,10918.5,3632.25,4992.75,3535,3942.25,3241.75,4622.75,4690.5,3016.75,4359.25,2986.5,3608.5,4815.25,6682.25,8081.5,67668.5,11372.75,9215.75,10338.75,4946,21505,5671,17021,4690.5,14554,11749.5,6557.25,6270,5158.5,8524.25,3678.5,6210.25,280279,37945.25,117802.75,341446.75,50624.5,773646,478974,387762.25,1469254,206634,314908,282002,292689.25,61827.5,101406.75,219237,226540,274961.5,197342.75,81616.5,4151.5,8328.75,11774.75,30684.5,9719.5,6014,5990.75,4329,25904.5,4089.75,8877.75,5476.75,7385,9824.5,5234,8524.5,3979.25,5705,3727,3942.75,3845.75,5742.5,9287,22482.5,10285,5137.75,5880.5,4401.5,26250,4136.5,7595.75,4928.5,6484.5,10062.75,5245.75,7674.25,3328,5595.5,3460,3643.25,3899.5,3220,7729.5,25682,4404.5,4028.5,4606,4425.25,10653.5,3384.75,5171.75,3560.75,4604.25,4213.75,4738.5,5616.5,3017,4714.5,3059.5,3354.5,3899.75,7679,10991,87946.25,9176.75,7350.25,5501,4286.75,62113.75,4560.75,9499,5199,7690.25,12175.25,5097.25,9404.5,4103.75,6213,3615,4003,3938.5,5282.25,7998.5,176901.75,11001,6354.5,4961,4464.5,51334.25,4615.5,9420,4345.5,7422.5,11481,5363.5,8712,3557.5,5943.5,3248.5,4345.5,6.723997881,10.66990616,14.04026992,17.83118741,5.276692443,58.82164384,32.18479339,154.5753846,155.142406,134.2305,212.9897053,186.2186609,256.9695511,190.4036467,210.5633898,48.04608211,156.2191636,141.6960871,63.50883677,90.34940011,14.56639,14.365065,17.492365,16.93176,18.51159,1.21014,7.00544,13.27698,6.20008,8.90514,1.465,3.845,1.63,1.735,4.465,8.16,,
29,T459M,V (sham),Not protected/only protected BAL,No protection,,39.10876109,0.012495649,24.84141,4.3375,0.28,2.34,14.6450775,16.191195,17.786155,26.3008025,3975.5,3607,5073.75,61226,5007,3693.5,3932.5,4111.5,4574,3544.5,4848.25,3718.5,4642,5125.5,4813.25,4782,3088,4996.5,3156.75,3870.75,3776,2863,4616.5,10378.75,3516,3695,3663.5,4113,3981.25,3489.25,4356,3588,3870.5,3321.5,4919,4603.5,2932.25,4501,3027.5,3536.25,3812.75,2624.75,4578.75,9529,3412.5,3525.5,3599.75,4054.75,3706.5,3290.25,4364.75,3405.75,3646,2964.5,4689.25,4417.5,3084.5,4442,2922,3417.75,3884,2675,4484.75,7460,2979.75,3234.5,3687,4084.5,3938.75,3373.75,4160.5,3432,3664,3053.5,4484,4657.75,2970.5,4466.5,2930.5,3379.5,4157,3334.75,5534.25,14553.5,4185.25,5043.75,3867.25,4580,5329.25,4166.5,5674.25,3331.25,5062,4119.25,5389.75,5032,3256,5141,3118,4304,30193,57848.5,278219,326332.5,53062,867210.75,198262.5,217906.5,1010697.5,217954.75,237876.5,344794.5,240331.25,53042,135221.5,309305.75,312981.5,396146.5,304866,128227,4010.5,4239,7600.5,39320,5024.75,4970.5,4542.5,4075.25,10711,3692.75,7208.5,4523,5976.75,5222,4722,7458,3741.5,4734.25,3497.75,3445,3709.75,4537,7186.25,78366,5169.75,6089.5,4209.75,4384.5,8535.75,3531.25,6491.25,4596.5,6235.75,4576.5,4571,7525.5,3373,4792,3369.5,3488.5,4206.25,2915.5,5506.75,68671.5,3668.25,4098,3964.5,4214.5,6106,3145,5319.5,3864.5,4430,3330,4766.5,5281,2923.5,4617,3141.75,3332.75,3939,5013,7303.5,254488.25,6851.25,6881.25,4562.25,4263.25,10110.25,3739.5,7428,5272.5,6642,7569.5,4916.25,7901.75,3334.75,5344.75,3432.75,3568.5,3979.75,3308.5,6723.5,315523,5554.25,6273.25,4350.75,4360.25,9272,3403,6599.75,4685.75,6179.25,5049,4829,6455.75,3092.25,4982.75,3286.5,3634.5,8.389205498,12.8197255,12.74910976,24.54510201,6.711593186,70.67863248,30.5783589,123.0746524,101.99625,56.97915651,201.5408467,217.6683144,215.3092972,185.1102824,196.4056208,44.27184405,151.2011666,161.7164883,66.37940546,85.04105523,16.59803,15.31192,20.53552,16.94852,19.32568,1.42818,7.25506,13.986975,5.220885,8.015275,1.205,4.03,1.105,2.125,5.87,8.195,,
